File,LOC,SLOC-P,SLOC-L,MVG,BLOC,C&SLOC,CLOC,CWORD,HCLOC,HCWORD
C:\Users\jccline\Documents\GitHub\Workspace2\COMS311Project2\src\CoffeeSolver.java,39,8,6,0,3,0,28,187,0,0
C:\Users\jccline\Documents\GitHub\Workspace2\COMS311Project2\src\CreateGraph.java,99,80,54,15,19,0,0,0,0,0
C:\Users\jccline\Documents\GitHub\Workspace2\COMS311Project2\src\Dijkstra.java,57,10,8,0,9,0,38,267,0,0
C:\Users\jccline\Documents\GitHub\Workspace2\COMS311Project2\src\Edge.java,31,24,18,4,7,0,0,0,0,0
C:\Users\jccline\Documents\GitHub\Workspace2\COMS311Project2\src\EdgeWeight.java,11,7,4,1,4,0,0,0,0,0
C:\Users\jccline\Documents\GitHub\Workspace2\COMS311Project2\src\Graph.java,74,13,11,0,11,0,50,239,0,0
C:\Users\jccline\Documents\GitHub\Workspace2\COMS311Project2\src\HashEdge.java,16,12,10,0,4,0,0,0,0,0
C:\Users\jccline\Documents\GitHub\Workspace2\COMS311Project2\src\HashVertex.java,22,17,13,1,4,0,1,9,0,0
C:\Users\jccline\Documents\GitHub\Workspace2\COMS311Project2\src\ShortPathDijkstra.java,116,97,70,12,19,0,0,0,0,0
C:\Users\jccline\Documents\GitHub\Workspace2\COMS311Project2\src\SolvingCoffee.java,64,53,40,8,10,0,1,4,0,0
C:\Users\jccline\Documents\GitHub\Workspace2\COMS311Project2\src\Tester.java,21,18,15,1,3,0,0,0,0,0
C:\Users\jccline\Documents\GitHub\Workspace2\COMS311Project2\src\Vertex.java,25,19,14,3,6,0,0,0,0,0
C:\Users\jccline\Documents\GitHub\Workspace2\COMS311Project2\src\Weighing.java,16,4,2,0,3,0,9,38,6,29
